{"correct": 1.0, "res_mean": 2.837984800338745, "res_std": 0.9420545101165771}