{"correct": 1.0, "res_mean": 3.3892282247543335, "res_std": 0.44894444942474365}