{"correct": 1.0, "res_mean": 3.5040536642074587, "res_std": 1.0632228450534578}